event_name,date,genre,venue,city,days_until_event
The Museum at Bethel Woods: The Story of 60's & Woodstock,2025-11-09,Arts & Theatre,The Museum at Bethel Woods,Bethel,0
Banksy Museum - Flexiticket,2025-11-09,Arts & Theatre,Banksy Museum New York,New York,0
Centennial Fan Fest (10am-6pm),2025-11-09,Unknown,MotorCity ,Detroit,0
2025 Steelers Holiday Photos,2025-11-09,Unknown,Acrisure Stadium,Pittsburgh,0
Lit'l Bita Christmas-Sunday Event Only,2025-11-09,Unknown,First National Bank Arena,Jonesboro,0
2025 Aqueduct Experiences,2025-11-09,Unknown,Aqueduct Racetrack,South Ozone Park,0
VIP DUUUVAL WATCH PARTY,2025-11-09,Unknown,EverBank Stadium,Jacksonville,0
DUUUVAL Watch Party,2025-11-09,Unknown,EverBank Stadium,Jacksonville,0
2025 Aqueduct Horsemens Lounge,2025-11-09,Unknown,Aqueduct Racetrack,South Ozone Park,0
Military Appreciation Gate Passes,2025-11-09,Unknown,Churchill Downs General Admin,Louisville,0
Ally ACC Women's Soccer Finals,2025-11-09,Unknown,WakeMed Soccer Park,Cary,0
Pre-Game Fan Tunnel New England Patriots,2025-11-09,Unknown,Raymond James Stadium,Tampa,0
Simulcast,2025-11-09,Unknown,Churchill Downs General Admin,Louisville,0
Pre-Game Player Tunnel New England Patriots,2025-11-09,Unknown,Raymond James Stadium,Tampa,0
"Sunday, November 9, 2025 - SoFi Stadium Tours",2025-11-09,Unknown,SoFi Stadium Tours,Inglewood,0
Mini Mafia Watch Party,2025-11-09,Unknown,Highmark Stadium,Orchard Park,0
"Jurassic Quest | North Charleston, SC 2025",2025-11-09,Miscellaneous,Charleston Area Convention Center,North Charleston,0
Minnesota Vikings Museum Tickets November 9,2025-11-09,Unknown,Vikings Museum,Eagan,0
Baltimore Ravens,2025-11-09,Unknown,Not a Game Ticket,Unknown,0
Baltimore Ravens,2025-11-09,Unknown,U.S. Bank Stadium,Minneapolis,0
Postgame Field New England Patriots,2025-11-09,Unknown,Raymond James Stadium,Tampa,0
MUVB Kids Club vs Seton Hall,2025-11-09,Unknown,Al McGuire Center,Milwaukee,0
Panthers Player Intro Pass - 11.09.25,2025-11-09,Unknown,Bank of America Stad - GEN ADM,Unknown,0
GEICO HRS Express  - MIA vs BUF,2025-11-09,Unknown,Hard Rock Stadium,Miami,0
Sideline Access Pass: Dolphins vs Bills,2025-11-09,Unknown,Hard Rock Stadium,Miami,0
Baltimore Ravens,2025-11-09,Unknown,Not a Game Ticket,Unknown,0
THIS IS NOT A GAME TICKET,2025-11-09,Unknown,MetLife Stadium,East Rutherford,0
THIS IS NOT A GAME TICKET,2025-11-09,Unknown,MetLife Stadium,East Rutherford,0
Season Ticket Member Tour Miami Dolphins,2025-11-09,Unknown,Highmark Stadium,Orchard Park,0
MU Volleyball vs Seton Hall,2025-11-09,Unknown,Al McGuire Center,Milwaukee,0
Panthers Flag Experience Pass - 11.09.25,2025-11-09,Unknown,Bank of America Stad - GEN ADM,Unknown,0
Day at the Races - Suites,2025-11-09,Unknown,Churchill Downs,Louisville,0
Turf Club - Day at the Races,2025-11-09,Unknown,Turf Club at Churchill Downs,Louisville,0
Baltimore Ravens,2025-11-09,Unknown,Not a Game Ticket,Unknown,0
SC256NE,2025-11-09,Unknown,Raymond James Stadium,Tampa,0
Baltimore Ravens,2025-11-09,Unknown,Not a Game Ticket,Unknown,0
THIS IS NOT A GAME TICKET,2025-11-09,Unknown,MetLife Stadium,East Rutherford,0
Miller Lite Ultimate Tailgate - Nov 9,2025-11-09,Unknown,Miller Lite Ultimate Tailgate,Unknown,0
Shark Reef Aquarium,2025-11-09,Unknown,Shark Reef,Las Vegas,0
Baltimore Ravens,2025-11-09,Unknown,Not a Game Ticket,Unknown,0
2025 Ste. Prem - NOR,2025-11-09,Unknown,Bank of America Stadium,Charlotte,0
Baltimore Ravens,2025-11-09,Unknown,Not a Game Ticket,Unknown,0
Turf Club - Horseman Ticket,2025-11-09,Unknown,Turf Club at Churchill Downs,Louisville,0
Childcare Pass: Bills vs Dolphins,2025-11-09,Unknown,Hard Rock Stadium,Miami,0
Paddock Garage - Bills,2025-11-09,Unknown,Hard Rock Stadium,Miami,0
Coke Tunnel Walk - 11.09.2025,2025-11-09,Unknown,Bank of America Stad - GEN ADM,Unknown,0
Group Meal Vouchers - Saints,2025-11-09,Unknown,Bank of America Stad - GEN ADM,Unknown,0
Suite License Fee - Non Taxable,2025-11-09,Unknown,Raymond James Stadium,Tampa,0
Chicago Bears Skyline Suite vs New York Giants,2025-11-09,Unknown,Soldier Field,Chicago,0
The Thorn Box Seats,2025-11-09,Unknown,Tanger Center,Unknown,0
2025 fifty3 Access Passes,2025-11-09,Unknown,Bank of America Stadium,Charlotte,0
Members Lounge: Dolphins vs Bills,2025-11-09,Unknown,Hard Rock Stadium,Miami,0
2025 OHSAA Soccer Suites,2025-11-09,Unknown,Historic Crew Stadium,Columbus,0
Voucher - Chicago Blackhawks,2025-11-09,Unknown,Little Caesars Arena,Detroit,0
Cleveland Browns vs. NY Jets License Fee,2025-11-09,Unknown,MetLife Stadium,East Rutherford,0
Baltimore Ravens,2025-11-09,Unknown,Not a Game Ticket,Unknown,0
Baltimore Ravens,2025-11-09,Unknown,U.S. Bank Stadium,Minneapolis,0
Baltimore Ravens,2025-11-09,Unknown,Lodge,Minneapolis,0
Gondolas,2025-11-09,Unknown,Gondolas,Las Vegas,0
Club Level Access Pass: Dolphins vs Bills,2025-11-09,Unknown,Hard Rock Stadium,Miami,0
REDEEM AT TOP OF SECTION 101,2025-11-09,Unknown,Field Pass Voucher,Unknown,0
"Men's Basketball vs Indiana (Chicago, IL)",2025-11-09,Unknown,Al McGuire Center,Milwaukee,0
CHILD CARE - New England Patriots,2025-11-09,Unknown,Raymond James Stadium,Tampa,0
Baltimore Ravens,2025-11-09,Unknown,Not a Game Ticket,Unknown,0
Turf Club - Day at the Races,2025-11-09,Unknown,Churchill Downs General Admin,Louisville,0
Baltimore Ravens,2025-11-09,Unknown,Not a Game Ticket,Unknown,0
Patriots @ Buccaneers,2025-11-09,Unknown,Visiting Teams,Foxborough,0
Baltimore Ravens,2025-11-09,Unknown,Not a Game Ticket,Unknown,0
Houston Texans,2025-11-09,Unknown,2025 Away Games,Unknown,0
GFE-Chicago Blackhawks,2025-11-09,Unknown,Little Caesars Arena,Detroit,0
Post Game Friends & Family - @ New York Jets,2025-11-09,Unknown,Huntington Bank Field,Cleveland,0
